Handle,Title,Body (HTML),Vendor,Type,Tags,Published,Option1 Name,Option1 Value,Option2 Name,Option2 Value,Variant SKU,Variant Price,Variant Compare At Price,Variant Inventory Qty,Image Src
robe-florale-midi,Robe Florale Midi,"<p>Robe mi-longue à imprimé floral, coupe fluide en viscose légère. Encolure V, bretelles ajustables. Idéale pour les journées ensoleillées.</p>",Maison Élise,Vêtements femme,"vêtements-femme,robes,nouveautés",TRUE,Taille,XS,Couleur,Rose poudré,RFM-XS-ROS,79.00,99.00,15,https://picsum.photos/seed/robe-florale-midi/800/1000
robe-florale-midi,,,,,,,,XS,,Vert sauge,RFM-XS-VER,79.00,99.00,15,
robe-florale-midi,,,,,,,,S,,Rose poudré,RFM-S-ROS,79.00,99.00,15,
robe-florale-midi,,,,,,,,S,,Vert sauge,RFM-S-VER,79.00,99.00,15,
robe-florale-midi,,,,,,,,M,,Rose poudré,RFM-M-ROS,79.00,99.00,15,
robe-florale-midi,,,,,,,,M,,Vert sauge,RFM-M-VER,79.00,99.00,15,
robe-florale-midi,,,,,,,,L,,Rose poudré,RFM-L-ROS,79.00,99.00,15,
robe-florale-midi,,,,,,,,L,,Vert sauge,RFM-L-VER,79.00,99.00,15,
robe-florale-midi,,,,,,,,XL,,Rose poudré,RFM-XL-ROS,79.00,99.00,15,
robe-florale-midi,,,,,,,,XL,,Vert sauge,RFM-XL-VER,79.00,99.00,15,
blouse-soie-fleurie,Blouse en Soie Fleurie,"<p>Blouse en soie douce 100 %, imprimé floral délicat, col V et manches légèrement bouffantes. Effet luxueux au quotidien.</p>",Maison Élise,Vêtements femme,"vêtements-femme,hauts,bestseller",TRUE,Taille,XS,Couleur,Ivoire,BSF-XS-IVO,95.00,125.00,12,https://picsum.photos/seed/blouse-soie-fleurie/800/1000
blouse-soie-fleurie,,,,,,,,XS,,Blush,BSF-XS-BLU,95.00,125.00,12,
blouse-soie-fleurie,,,,,,,,S,,Ivoire,BSF-S-IVO,95.00,125.00,12,
blouse-soie-fleurie,,,,,,,,S,,Blush,BSF-S-BLU,95.00,125.00,12,
blouse-soie-fleurie,,,,,,,,M,,Ivoire,BSF-M-IVO,95.00,125.00,12,
blouse-soie-fleurie,,,,,,,,M,,Blush,BSF-M-BLU,95.00,125.00,12,
blouse-soie-fleurie,,,,,,,,L,,Ivoire,BSF-L-IVO,95.00,125.00,12,
blouse-soie-fleurie,,,,,,,,L,,Blush,BSF-L-BLU,95.00,125.00,12,
blouse-soie-fleurie,,,,,,,,XL,,Ivoire,BSF-XL-IVO,95.00,125.00,12,
blouse-soie-fleurie,,,,,,,,XL,,Blush,BSF-XL-BLU,95.00,125.00,12,
top-lin-sans-manches,Top Lin Sans Manches,"<p>Top en lin naturel lavé, coupe droite légèrement oversize. Respirant et intemporel. Parfait sur un jean ou un pantalon palazzo.</p>",Maison Élise,Vêtements femme,"vêtements-femme,hauts,été",TRUE,Taille,XS,Couleur,Écru,TLS-XS-ÉCR,45.00,59.00,20,https://picsum.photos/seed/top-lin-sans-manches/800/1000
top-lin-sans-manches,,,,,,,,XS,,Bleu lavande,TLS-XS-BLE,45.00,59.00,20,
top-lin-sans-manches,,,,,,,,XS,,Terracotta,TLS-XS-TER,45.00,59.00,20,
top-lin-sans-manches,,,,,,,,S,,Écru,TLS-S-ÉCR,45.00,59.00,20,
top-lin-sans-manches,,,,,,,,S,,Bleu lavande,TLS-S-BLE,45.00,59.00,20,
top-lin-sans-manches,,,,,,,,S,,Terracotta,TLS-S-TER,45.00,59.00,20,
top-lin-sans-manches,,,,,,,,M,,Écru,TLS-M-ÉCR,45.00,59.00,20,
top-lin-sans-manches,,,,,,,,M,,Bleu lavande,TLS-M-BLE,45.00,59.00,20,
top-lin-sans-manches,,,,,,,,M,,Terracotta,TLS-M-TER,45.00,59.00,20,
top-lin-sans-manches,,,,,,,,L,,Écru,TLS-L-ÉCR,45.00,59.00,20,
top-lin-sans-manches,,,,,,,,L,,Bleu lavande,TLS-L-BLE,45.00,59.00,20,
top-lin-sans-manches,,,,,,,,L,,Terracotta,TLS-L-TER,45.00,59.00,20,
top-lin-sans-manches,,,,,,,,XL,,Écru,TLS-XL-ÉCR,45.00,59.00,20,
top-lin-sans-manches,,,,,,,,XL,,Bleu lavande,TLS-XL-BLE,45.00,59.00,20,
top-lin-sans-manches,,,,,,,,XL,,Terracotta,TLS-XL-TER,45.00,59.00,20,
pantalon-palazzo-femme,Pantalon Palazzo,"<p>Pantalon wide-leg en viscose légère, taille haute élastiquée. Tombé impeccable, silhouette allongée garantie.</p>",Maison Élise,Vêtements femme,"vêtements-femme,pantalons,bestseller",TRUE,Taille,XS,Couleur,Noir,PPF-XS-NOI,89.00,115.00,18,https://picsum.photos/seed/pantalon-palazzo-femme/800/1000
pantalon-palazzo-femme,,,,,,,,XS,,Camel,PPF-XS-CAM,89.00,115.00,18,
pantalon-palazzo-femme,,,,,,,,XS,,Ecru,PPF-XS-ECR,89.00,115.00,18,
pantalon-palazzo-femme,,,,,,,,S,,Noir,PPF-S-NOI,89.00,115.00,18,
pantalon-palazzo-femme,,,,,,,,S,,Camel,PPF-S-CAM,89.00,115.00,18,
pantalon-palazzo-femme,,,,,,,,S,,Ecru,PPF-S-ECR,89.00,115.00,18,
pantalon-palazzo-femme,,,,,,,,M,,Noir,PPF-M-NOI,89.00,115.00,18,
pantalon-palazzo-femme,,,,,,,,M,,Camel,PPF-M-CAM,89.00,115.00,18,
pantalon-palazzo-femme,,,,,,,,M,,Ecru,PPF-M-ECR,89.00,115.00,18,
pantalon-palazzo-femme,,,,,,,,L,,Noir,PPF-L-NOI,89.00,115.00,18,
pantalon-palazzo-femme,,,,,,,,L,,Camel,PPF-L-CAM,89.00,115.00,18,
pantalon-palazzo-femme,,,,,,,,L,,Ecru,PPF-L-ECR,89.00,115.00,18,
pantalon-palazzo-femme,,,,,,,,XL,,Noir,PPF-XL-NOI,89.00,115.00,18,
pantalon-palazzo-femme,,,,,,,,XL,,Camel,PPF-XL-CAM,89.00,115.00,18,
pantalon-palazzo-femme,,,,,,,,XL,,Ecru,PPF-XL-ECR,89.00,115.00,18,
jupe-plissee-satin,Jupe Plissée Satin,"<p>Jupe midi plissée en satin de polyester recyclé. Mouvement gracieux, brillance subtile. Fermeture invisible sur le côté.</p>",Maison Élise,Vêtements femme,"vêtements-femme,jupes,nouveautés",TRUE,Taille,XS,Couleur,Bordeaux,JPS-XS-BOR,69.00,89.00,16,https://picsum.photos/seed/jupe-plissee-satin/800/1000
jupe-plissee-satin,,,,,,,,XS,,Champagne,JPS-XS-CHA,69.00,89.00,16,
jupe-plissee-satin,,,,,,,,XS,,Vert bouteille,JPS-XS-VER,69.00,89.00,16,
jupe-plissee-satin,,,,,,,,S,,Bordeaux,JPS-S-BOR,69.00,89.00,16,
jupe-plissee-satin,,,,,,,,S,,Champagne,JPS-S-CHA,69.00,89.00,16,
jupe-plissee-satin,,,,,,,,S,,Vert bouteille,JPS-S-VER,69.00,89.00,16,
jupe-plissee-satin,,,,,,,,M,,Bordeaux,JPS-M-BOR,69.00,89.00,16,
jupe-plissee-satin,,,,,,,,M,,Champagne,JPS-M-CHA,69.00,89.00,16,
jupe-plissee-satin,,,,,,,,M,,Vert bouteille,JPS-M-VER,69.00,89.00,16,
jupe-plissee-satin,,,,,,,,L,,Bordeaux,JPS-L-BOR,69.00,89.00,16,
jupe-plissee-satin,,,,,,,,L,,Champagne,JPS-L-CHA,69.00,89.00,16,
jupe-plissee-satin,,,,,,,,L,,Vert bouteille,JPS-L-VER,69.00,89.00,16,
jupe-plissee-satin,,,,,,,,XL,,Bordeaux,JPS-XL-BOR,69.00,89.00,16,
jupe-plissee-satin,,,,,,,,XL,,Champagne,JPS-XL-CHA,69.00,89.00,16,
jupe-plissee-satin,,,,,,,,XL,,Vert bouteille,JPS-XL-VER,69.00,89.00,16,
blazer-structure-femme,Blazer Structuré,"<p>Blazer à épaulettes légères, doublure satinée, coupe cintrée. En crêpe de laine mélangée. Idéal du bureau au dîner.</p>",Maison Élise,Vêtements femme,"vêtements-femme,vestes,bestseller",TRUE,Taille,XS,Couleur,Camel,BLF-XS-CAM,135.00,175.00,10,https://picsum.photos/seed/blazer-structure-femme/800/1000
blazer-structure-femme,,,,,,,,XS,,Marine,BLF-XS-MAR,135.00,175.00,10,
blazer-structure-femme,,,,,,,,XS,,Noir,BLF-XS-NOI,135.00,175.00,10,
blazer-structure-femme,,,,,,,,S,,Camel,BLF-S-CAM,135.00,175.00,10,
blazer-structure-femme,,,,,,,,S,,Marine,BLF-S-MAR,135.00,175.00,10,
blazer-structure-femme,,,,,,,,S,,Noir,BLF-S-NOI,135.00,175.00,10,
blazer-structure-femme,,,,,,,,M,,Camel,BLF-M-CAM,135.00,175.00,10,
blazer-structure-femme,,,,,,,,M,,Marine,BLF-M-MAR,135.00,175.00,10,
blazer-structure-femme,,,,,,,,M,,Noir,BLF-M-NOI,135.00,175.00,10,
blazer-structure-femme,,,,,,,,L,,Camel,BLF-L-CAM,135.00,175.00,10,
blazer-structure-femme,,,,,,,,L,,Marine,BLF-L-MAR,135.00,175.00,10,
blazer-structure-femme,,,,,,,,L,,Noir,BLF-L-NOI,135.00,175.00,10,
combinaison-lin-femme,Combinaison Lin Estivale,"<p>Combinaison pantalon en lin gratté, bretelles réglables, poches latérales. Un seul geste pour un look chic et décontracté.</p>",Maison Élise,Vêtements femme,"vêtements-femme,combinaisons,été",TRUE,Taille,XS,Couleur,Terracotta,CLF-XS-TER,99.00,129.00,12,https://picsum.photos/seed/combinaison-lin-femme/800/1000
combinaison-lin-femme,,,,,,,,XS,,Écru,CLF-XS-ÉCR,99.00,129.00,12,
combinaison-lin-femme,,,,,,,,XS,,Kaki,CLF-XS-KAK,99.00,129.00,12,
combinaison-lin-femme,,,,,,,,S,,Terracotta,CLF-S-TER,99.00,129.00,12,
combinaison-lin-femme,,,,,,,,S,,Écru,CLF-S-ÉCR,99.00,129.00,12,
combinaison-lin-femme,,,,,,,,S,,Kaki,CLF-S-KAK,99.00,129.00,12,
combinaison-lin-femme,,,,,,,,M,,Terracotta,CLF-M-TER,99.00,129.00,12,
combinaison-lin-femme,,,,,,,,M,,Écru,CLF-M-ÉCR,99.00,129.00,12,
combinaison-lin-femme,,,,,,,,M,,Kaki,CLF-M-KAK,99.00,129.00,12,
combinaison-lin-femme,,,,,,,,L,,Terracotta,CLF-L-TER,99.00,129.00,12,
combinaison-lin-femme,,,,,,,,L,,Écru,CLF-L-ÉCR,99.00,129.00,12,
combinaison-lin-femme,,,,,,,,L,,Kaki,CLF-L-KAK,99.00,129.00,12,
combinaison-lin-femme,,,,,,,,XL,,Terracotta,CLF-XL-TER,99.00,129.00,12,
combinaison-lin-femme,,,,,,,,XL,,Écru,CLF-XL-ÉCR,99.00,129.00,12,
combinaison-lin-femme,,,,,,,,XL,,Kaki,CLF-XL-KAK,99.00,129.00,12,
cardigan-oversize-cachemire,Cardigan Oversize Cachemire,"<p>Cardigan oversize en mélange cachemire–laine côtelé. Boutons nacre, poches kangourou. Le cocooning version chic.</p>",Maison Élise,Vêtements femme,"vêtements-femme,pulls,hiver",TRUE,Taille,XS,Couleur,Gris perle,CAC-XS-GRI,145.00,185.00,10,https://picsum.photos/seed/cardigan-oversize-cachemire/800/1000
cardigan-oversize-cachemire,,,,,,,,XS,,Crème,CAC-XS-CRÈ,145.00,185.00,10,
cardigan-oversize-cachemire,,,,,,,,XS,,Blush,CAC-XS-BLU,145.00,185.00,10,
cardigan-oversize-cachemire,,,,,,,,S,,Gris perle,CAC-S-GRI,145.00,185.00,10,
cardigan-oversize-cachemire,,,,,,,,S,,Crème,CAC-S-CRÈ,145.00,185.00,10,
cardigan-oversize-cachemire,,,,,,,,S,,Blush,CAC-S-BLU,145.00,185.00,10,
cardigan-oversize-cachemire,,,,,,,,M,,Gris perle,CAC-M-GRI,145.00,185.00,10,
cardigan-oversize-cachemire,,,,,,,,M,,Crème,CAC-M-CRÈ,145.00,185.00,10,
cardigan-oversize-cachemire,,,,,,,,M,,Blush,CAC-M-BLU,145.00,185.00,10,
cardigan-oversize-cachemire,,,,,,,,L,,Gris perle,CAC-L-GRI,145.00,185.00,10,
cardigan-oversize-cachemire,,,,,,,,L,,Crème,CAC-L-CRÈ,145.00,185.00,10,
cardigan-oversize-cachemire,,,,,,,,L,,Blush,CAC-L-BLU,145.00,185.00,10,
cardigan-oversize-cachemire,,,,,,,,XL,,Gris perle,CAC-XL-GRI,145.00,185.00,10,
cardigan-oversize-cachemire,,,,,,,,XL,,Crème,CAC-XL-CRÈ,145.00,185.00,10,
cardigan-oversize-cachemire,,,,,,,,XL,,Blush,CAC-XL-BLU,145.00,185.00,10,
manteau-laine-croise,Manteau Laine Croisé,"<p>Manteau croisé en laine bouillie double face. Ceinture à nouer, col revers. Chaud sans lourdeur, silhouette sculptée.</p>",Maison Élise,Vêtements femme,"vêtements-femme,manteaux,hiver,bestseller",TRUE,Taille,XS,Couleur,Camel,MLC-XS-CAM,245.00,310.00,8,https://picsum.photos/seed/manteau-laine-croise/800/1000
manteau-laine-croise,,,,,,,,XS,,Noir,MLC-XS-NOI,245.00,310.00,8,
manteau-laine-croise,,,,,,,,XS,,Gris anthracite,MLC-XS-GRI,245.00,310.00,8,
manteau-laine-croise,,,,,,,,S,,Camel,MLC-S-CAM,245.00,310.00,8,
manteau-laine-croise,,,,,,,,S,,Noir,MLC-S-NOI,245.00,310.00,8,
manteau-laine-croise,,,,,,,,S,,Gris anthracite,MLC-S-GRI,245.00,310.00,8,
manteau-laine-croise,,,,,,,,M,,Camel,MLC-M-CAM,245.00,310.00,8,
manteau-laine-croise,,,,,,,,M,,Noir,MLC-M-NOI,245.00,310.00,8,
manteau-laine-croise,,,,,,,,M,,Gris anthracite,MLC-M-GRI,245.00,310.00,8,
manteau-laine-croise,,,,,,,,L,,Camel,MLC-L-CAM,245.00,310.00,8,
manteau-laine-croise,,,,,,,,L,,Noir,MLC-L-NOI,245.00,310.00,8,
manteau-laine-croise,,,,,,,,L,,Gris anthracite,MLC-L-GRI,245.00,310.00,8,
robe-portefeuille-elegante,Robe Portefeuille Élégante,"<p>Robe portefeuille en crêpe fluide, imprimé graphique exclusif. Longueur midi, noué sur le côté. De la réunion au cocktail.</p>",Maison Élise,Vêtements femme,"vêtements-femme,robes,bestseller",TRUE,Taille,XS,Couleur,Imprimé graphique,RPE-XS-IMP,110.00,145.00,14,https://picsum.photos/seed/robe-portefeuille-elegante/800/1000
robe-portefeuille-elegante,,,,,,,,XS,,Marine uni,RPE-XS-MAR,110.00,145.00,14,
robe-portefeuille-elegante,,,,,,,,S,,Imprimé graphique,RPE-S-IMP,110.00,145.00,14,
robe-portefeuille-elegante,,,,,,,,S,,Marine uni,RPE-S-MAR,110.00,145.00,14,
robe-portefeuille-elegante,,,,,,,,M,,Imprimé graphique,RPE-M-IMP,110.00,145.00,14,
robe-portefeuille-elegante,,,,,,,,M,,Marine uni,RPE-M-MAR,110.00,145.00,14,
robe-portefeuille-elegante,,,,,,,,L,,Imprimé graphique,RPE-L-IMP,110.00,145.00,14,
robe-portefeuille-elegante,,,,,,,,L,,Marine uni,RPE-L-MAR,110.00,145.00,14,
robe-portefeuille-elegante,,,,,,,,XL,,Imprimé graphique,RPE-XL-IMP,110.00,145.00,14,
robe-portefeuille-elegante,,,,,,,,XL,,Marine uni,RPE-XL-MAR,110.00,145.00,14,
chemise-oxford-slim,Chemise Oxford Slim Fit,"<p>Chemise Oxford en coton peigné, coupe slim, col boutonné. Légèrement structurée pour rester impeccable toute la journée.</p>",Maison Élise,Vêtements homme,"vêtements-homme,chemises,bestseller",TRUE,Taille,S,Couleur,Blanc,COS-S-BLA,75.00,95.00,20,https://picsum.photos/seed/chemise-oxford-slim/800/1000
chemise-oxford-slim,,,,,,,,S,,Bleu ciel,COS-S-BLE,75.00,95.00,20,
chemise-oxford-slim,,,,,,,,S,,Oxford gris,COS-S-OXF,75.00,95.00,20,
chemise-oxford-slim,,,,,,,,M,,Blanc,COS-M-BLA,75.00,95.00,20,
chemise-oxford-slim,,,,,,,,M,,Bleu ciel,COS-M-BLE,75.00,95.00,20,
chemise-oxford-slim,,,,,,,,M,,Oxford gris,COS-M-OXF,75.00,95.00,20,
chemise-oxford-slim,,,,,,,,L,,Blanc,COS-L-BLA,75.00,95.00,20,
chemise-oxford-slim,,,,,,,,L,,Bleu ciel,COS-L-BLE,75.00,95.00,20,
chemise-oxford-slim,,,,,,,,L,,Oxford gris,COS-L-OXF,75.00,95.00,20,
chemise-oxford-slim,,,,,,,,XL,,Blanc,COS-XL-BLA,75.00,95.00,20,
chemise-oxford-slim,,,,,,,,XL,,Bleu ciel,COS-XL-BLE,75.00,95.00,20,
chemise-oxford-slim,,,,,,,,XL,,Oxford gris,COS-XL-OXF,75.00,95.00,20,
chemise-oxford-slim,,,,,,,,XXL,,Blanc,COS-XXL-BLA,75.00,95.00,20,
chemise-oxford-slim,,,,,,,,XXL,,Bleu ciel,COS-XXL-BLE,75.00,95.00,20,
chemise-oxford-slim,,,,,,,,XXL,,Oxford gris,COS-XXL-OXF,75.00,95.00,20,
tshirt-col-rond-premium,T-Shirt Col Rond Premium,<p>T-shirt en jersey de coton Supima 200 g/m². Coupe droite légèrement ajustée. Le basique qui dure.</p>,Maison Élise,Vêtements homme,"vêtements-homme,t-shirts,bestseller",TRUE,Taille,XS,Couleur,Blanc,TCR-XS-BLA,35.00,45.00,30,https://picsum.photos/seed/tshirt-col-rond-premium/800/1000
tshirt-col-rond-premium,,,,,,,,XS,,Marine,TCR-XS-MAR,35.00,45.00,30,
tshirt-col-rond-premium,,,,,,,,XS,,Gris chiné,TCR-XS-GRI,35.00,45.00,30,
tshirt-col-rond-premium,,,,,,,,XS,,Noir,TCR-XS-NOI,35.00,45.00,30,
tshirt-col-rond-premium,,,,,,,,S,,Blanc,TCR-S-BLA,35.00,45.00,30,
tshirt-col-rond-premium,,,,,,,,S,,Marine,TCR-S-MAR,35.00,45.00,30,
tshirt-col-rond-premium,,,,,,,,S,,Gris chiné,TCR-S-GRI,35.00,45.00,30,
tshirt-col-rond-premium,,,,,,,,S,,Noir,TCR-S-NOI,35.00,45.00,30,
tshirt-col-rond-premium,,,,,,,,M,,Blanc,TCR-M-BLA,35.00,45.00,30,
tshirt-col-rond-premium,,,,,,,,M,,Marine,TCR-M-MAR,35.00,45.00,30,
tshirt-col-rond-premium,,,,,,,,M,,Gris chiné,TCR-M-GRI,35.00,45.00,30,
tshirt-col-rond-premium,,,,,,,,M,,Noir,TCR-M-NOI,35.00,45.00,30,
tshirt-col-rond-premium,,,,,,,,L,,Blanc,TCR-L-BLA,35.00,45.00,30,
tshirt-col-rond-premium,,,,,,,,L,,Marine,TCR-L-MAR,35.00,45.00,30,
tshirt-col-rond-premium,,,,,,,,L,,Gris chiné,TCR-L-GRI,35.00,45.00,30,
tshirt-col-rond-premium,,,,,,,,L,,Noir,TCR-L-NOI,35.00,45.00,30,
tshirt-col-rond-premium,,,,,,,,XL,,Blanc,TCR-XL-BLA,35.00,45.00,30,
tshirt-col-rond-premium,,,,,,,,XL,,Marine,TCR-XL-MAR,35.00,45.00,30,
tshirt-col-rond-premium,,,,,,,,XL,,Gris chiné,TCR-XL-GRI,35.00,45.00,30,
tshirt-col-rond-premium,,,,,,,,XL,,Noir,TCR-XL-NOI,35.00,45.00,30,
tshirt-col-rond-premium,,,,,,,,XXL,,Blanc,TCR-XXL-BLA,35.00,45.00,30,
tshirt-col-rond-premium,,,,,,,,XXL,,Marine,TCR-XXL-MAR,35.00,45.00,30,
tshirt-col-rond-premium,,,,,,,,XXL,,Gris chiné,TCR-XXL-GRI,35.00,45.00,30,
tshirt-col-rond-premium,,,,,,,,XXL,,Noir,TCR-XXL-NOI,35.00,45.00,30,
pantalon-chino-slim,Pantalon Chino Slim,"<p>Chino en coton stretch satiné, coupe slim légèrement effilée. Poche à pièce, taille semi-élastiquée. Le chino qui ne froisse pas.</p>",Maison Élise,Vêtements homme,"vêtements-homme,pantalons,bestseller",TRUE,Taille,30,Couleur,Beige,PCH-30-BEI,89.00,115.00,18,https://picsum.photos/seed/pantalon-chino-slim/800/1000
pantalon-chino-slim,,,,,,,,30,,Kaki,PCH-30-KAK,89.00,115.00,18,
pantalon-chino-slim,,,,,,,,30,,Marine,PCH-30-MAR,89.00,115.00,18,
pantalon-chino-slim,,,,,,,,30,,Gris,PCH-30-GRI,89.00,115.00,18,
pantalon-chino-slim,,,,,,,,32,,Beige,PCH-32-BEI,89.00,115.00,18,
pantalon-chino-slim,,,,,,,,32,,Kaki,PCH-32-KAK,89.00,115.00,18,
pantalon-chino-slim,,,,,,,,32,,Marine,PCH-32-MAR,89.00,115.00,18,
pantalon-chino-slim,,,,,,,,32,,Gris,PCH-32-GRI,89.00,115.00,18,
pantalon-chino-slim,,,,,,,,34,,Beige,PCH-34-BEI,89.00,115.00,18,
pantalon-chino-slim,,,,,,,,34,,Kaki,PCH-34-KAK,89.00,115.00,18,
pantalon-chino-slim,,,,,,,,34,,Marine,PCH-34-MAR,89.00,115.00,18,
pantalon-chino-slim,,,,,,,,34,,Gris,PCH-34-GRI,89.00,115.00,18,
pantalon-chino-slim,,,,,,,,36,,Beige,PCH-36-BEI,89.00,115.00,18,
pantalon-chino-slim,,,,,,,,36,,Kaki,PCH-36-KAK,89.00,115.00,18,
pantalon-chino-slim,,,,,,,,36,,Marine,PCH-36-MAR,89.00,115.00,18,
pantalon-chino-slim,,,,,,,,36,,Gris,PCH-36-GRI,89.00,115.00,18,
pantalon-chino-slim,,,,,,,,38,,Beige,PCH-38-BEI,89.00,115.00,18,
pantalon-chino-slim,,,,,,,,38,,Kaki,PCH-38-KAK,89.00,115.00,18,
pantalon-chino-slim,,,,,,,,38,,Marine,PCH-38-MAR,89.00,115.00,18,
pantalon-chino-slim,,,,,,,,38,,Gris,PCH-38-GRI,89.00,115.00,18,
veste-bomber-classique,Veste Bomber Classic,"<p>Bomber en nylon déperlant, doublure rayée rétro, col et poignets côtelés. Poches zippées plaquées. Un classique revisité.</p>",Maison Élise,Vêtements homme,"vêtements-homme,vestes,bestseller",TRUE,Taille,S,Couleur,Noir,VBC-S-NOI,149.00,195.00,12,https://picsum.photos/seed/veste-bomber-classique/800/1000
veste-bomber-classique,,,,,,,,S,,Vert militaire,VBC-S-VER,149.00,195.00,12,
veste-bomber-classique,,,,,,,,S,,Bordeaux,VBC-S-BOR,149.00,195.00,12,
veste-bomber-classique,,,,,,,,M,,Noir,VBC-M-NOI,149.00,195.00,12,
veste-bomber-classique,,,,,,,,M,,Vert militaire,VBC-M-VER,149.00,195.00,12,
veste-bomber-classique,,,,,,,,M,,Bordeaux,VBC-M-BOR,149.00,195.00,12,
veste-bomber-classique,,,,,,,,L,,Noir,VBC-L-NOI,149.00,195.00,12,
veste-bomber-classique,,,,,,,,L,,Vert militaire,VBC-L-VER,149.00,195.00,12,
veste-bomber-classique,,,,,,,,L,,Bordeaux,VBC-L-BOR,149.00,195.00,12,
veste-bomber-classique,,,,,,,,XL,,Noir,VBC-XL-NOI,149.00,195.00,12,
veste-bomber-classique,,,,,,,,XL,,Vert militaire,VBC-XL-VER,149.00,195.00,12,
veste-bomber-classique,,,,,,,,XL,,Bordeaux,VBC-XL-BOR,149.00,195.00,12,
veste-bomber-classique,,,,,,,,XXL,,Noir,VBC-XXL-NOI,149.00,195.00,12,
veste-bomber-classique,,,,,,,,XXL,,Vert militaire,VBC-XXL-VER,149.00,195.00,12,
veste-bomber-classique,,,,,,,,XXL,,Bordeaux,VBC-XXL-BOR,149.00,195.00,12,
pull-col-v-merinos,Pull Col V Mérinos,"<p>Pull en laine mérinos extrafine certifiée RWS. Col V fin, coupe ajustée sans être serrée. Chaud, léger, anti-boulochage.</p>",Maison Élise,Vêtements homme,"vêtements-homme,pulls,hiver,bestseller",TRUE,Taille,S,Couleur,Marine,PMV-S-MAR,115.00,149.00,14,https://picsum.photos/seed/pull-col-v-merinos/800/1000
pull-col-v-merinos,,,,,,,,S,,Bordeaux,PMV-S-BOR,115.00,149.00,14,
pull-col-v-merinos,,,,,,,,S,,Gris souris,PMV-S-GRI,115.00,149.00,14,
pull-col-v-merinos,,,,,,,,S,,Camel,PMV-S-CAM,115.00,149.00,14,
pull-col-v-merinos,,,,,,,,M,,Marine,PMV-M-MAR,115.00,149.00,14,
pull-col-v-merinos,,,,,,,,M,,Bordeaux,PMV-M-BOR,115.00,149.00,14,
pull-col-v-merinos,,,,,,,,M,,Gris souris,PMV-M-GRI,115.00,149.00,14,
pull-col-v-merinos,,,,,,,,M,,Camel,PMV-M-CAM,115.00,149.00,14,
pull-col-v-merinos,,,,,,,,L,,Marine,PMV-L-MAR,115.00,149.00,14,
pull-col-v-merinos,,,,,,,,L,,Bordeaux,PMV-L-BOR,115.00,149.00,14,
pull-col-v-merinos,,,,,,,,L,,Gris souris,PMV-L-GRI,115.00,149.00,14,
pull-col-v-merinos,,,,,,,,L,,Camel,PMV-L-CAM,115.00,149.00,14,
pull-col-v-merinos,,,,,,,,XL,,Marine,PMV-XL-MAR,115.00,149.00,14,
pull-col-v-merinos,,,,,,,,XL,,Bordeaux,PMV-XL-BOR,115.00,149.00,14,
pull-col-v-merinos,,,,,,,,XL,,Gris souris,PMV-XL-GRI,115.00,149.00,14,
pull-col-v-merinos,,,,,,,,XL,,Camel,PMV-XL-CAM,115.00,149.00,14,
pull-col-v-merinos,,,,,,,,XXL,,Marine,PMV-XXL-MAR,115.00,149.00,14,
pull-col-v-merinos,,,,,,,,XXL,,Bordeaux,PMV-XXL-BOR,115.00,149.00,14,
pull-col-v-merinos,,,,,,,,XXL,,Gris souris,PMV-XXL-GRI,115.00,149.00,14,
pull-col-v-merinos,,,,,,,,XXL,,Camel,PMV-XXL-CAM,115.00,149.00,14,
jean-slim-5-poches,Jean Slim 5 Poches,"<p>Jean en denim Selvedge japonais 12 oz, coupe slim. Teinture indigo naturelle, beau vieillissement garanti. Made in Portugal.</p>",Maison Élise,Vêtements homme,"vêtements-homme,jeans,premium",TRUE,Taille,28,Couleur,Brut,JSP-28-BRU,99.00,135.00,12,https://picsum.photos/seed/jean-slim-5-poches/800/1000
jean-slim-5-poches,,,,,,,,28,,Délavé moyen,JSP-28-DÉL,99.00,135.00,12,
jean-slim-5-poches,,,,,,,,28,,Noir,JSP-28-NOI,99.00,135.00,12,
jean-slim-5-poches,,,,,,,,30,,Brut,JSP-30-BRU,99.00,135.00,12,
jean-slim-5-poches,,,,,,,,30,,Délavé moyen,JSP-30-DÉL,99.00,135.00,12,
jean-slim-5-poches,,,,,,,,30,,Noir,JSP-30-NOI,99.00,135.00,12,
jean-slim-5-poches,,,,,,,,32,,Brut,JSP-32-BRU,99.00,135.00,12,
jean-slim-5-poches,,,,,,,,32,,Délavé moyen,JSP-32-DÉL,99.00,135.00,12,
jean-slim-5-poches,,,,,,,,32,,Noir,JSP-32-NOI,99.00,135.00,12,
jean-slim-5-poches,,,,,,,,34,,Brut,JSP-34-BRU,99.00,135.00,12,
jean-slim-5-poches,,,,,,,,34,,Délavé moyen,JSP-34-DÉL,99.00,135.00,12,
jean-slim-5-poches,,,,,,,,34,,Noir,JSP-34-NOI,99.00,135.00,12,
jean-slim-5-poches,,,,,,,,36,,Brut,JSP-36-BRU,99.00,135.00,12,
jean-slim-5-poches,,,,,,,,36,,Délavé moyen,JSP-36-DÉL,99.00,135.00,12,
jean-slim-5-poches,,,,,,,,36,,Noir,JSP-36-NOI,99.00,135.00,12,
polo-pique-classique,Polo Piqué Classique,"<p>Polo en coton piqué double fil, logo brodé discret, col avec 2 boutons nacre. Intemporel et élégant.</p>",Maison Élise,Vêtements homme,"vêtements-homme,polos,été",TRUE,Taille,S,Couleur,Blanc,PPQ-S-BLA,65.00,85.00,20,https://picsum.photos/seed/polo-pique-classique/800/1000
polo-pique-classique,,,,,,,,S,,Marine,PPQ-S-MAR,65.00,85.00,20,
polo-pique-classique,,,,,,,,S,,Vert sauge,PPQ-S-VER,65.00,85.00,20,
polo-pique-classique,,,,,,,,S,,Rouge,PPQ-S-ROU,65.00,85.00,20,
polo-pique-classique,,,,,,,,M,,Blanc,PPQ-M-BLA,65.00,85.00,20,
polo-pique-classique,,,,,,,,M,,Marine,PPQ-M-MAR,65.00,85.00,20,
polo-pique-classique,,,,,,,,M,,Vert sauge,PPQ-M-VER,65.00,85.00,20,
polo-pique-classique,,,,,,,,M,,Rouge,PPQ-M-ROU,65.00,85.00,20,
polo-pique-classique,,,,,,,,L,,Blanc,PPQ-L-BLA,65.00,85.00,20,
polo-pique-classique,,,,,,,,L,,Marine,PPQ-L-MAR,65.00,85.00,20,
polo-pique-classique,,,,,,,,L,,Vert sauge,PPQ-L-VER,65.00,85.00,20,
polo-pique-classique,,,,,,,,L,,Rouge,PPQ-L-ROU,65.00,85.00,20,
polo-pique-classique,,,,,,,,XL,,Blanc,PPQ-XL-BLA,65.00,85.00,20,
polo-pique-classique,,,,,,,,XL,,Marine,PPQ-XL-MAR,65.00,85.00,20,
polo-pique-classique,,,,,,,,XL,,Vert sauge,PPQ-XL-VER,65.00,85.00,20,
polo-pique-classique,,,,,,,,XL,,Rouge,PPQ-XL-ROU,65.00,85.00,20,
polo-pique-classique,,,,,,,,XXL,,Blanc,PPQ-XXL-BLA,65.00,85.00,20,
polo-pique-classique,,,,,,,,XXL,,Marine,PPQ-XXL-MAR,65.00,85.00,20,
polo-pique-classique,,,,,,,,XXL,,Vert sauge,PPQ-XXL-VER,65.00,85.00,20,
polo-pique-classique,,,,,,,,XXL,,Rouge,PPQ-XXL-ROU,65.00,85.00,20,
trench-coat-homme,Trench-Coat Signature,"<p>Trench en gabardine de coton traité déperlant, doublure tartan amovible, ceinture réglable. Longueur genoux, coupe droite.</p>",Maison Élise,Vêtements homme,"vêtements-homme,manteaux,hiver,premium",TRUE,Taille,S,Couleur,Beige naturel,TCM-S-BEI,285.00,365.00,8,https://picsum.photos/seed/trench-coat-homme/800/1000
trench-coat-homme,,,,,,,,S,,Noir,TCM-S-NOI,285.00,365.00,8,
trench-coat-homme,,,,,,,,M,,Beige naturel,TCM-M-BEI,285.00,365.00,8,
trench-coat-homme,,,,,,,,M,,Noir,TCM-M-NOI,285.00,365.00,8,
trench-coat-homme,,,,,,,,L,,Beige naturel,TCM-L-BEI,285.00,365.00,8,
trench-coat-homme,,,,,,,,L,,Noir,TCM-L-NOI,285.00,365.00,8,
trench-coat-homme,,,,,,,,XL,,Beige naturel,TCM-XL-BEI,285.00,365.00,8,
trench-coat-homme,,,,,,,,XL,,Noir,TCM-XL-NOI,285.00,365.00,8,
sac-cabas-cuir,Sac Cabas en Cuir Grainé,"<p>Sac cabas en cuir grainé vachette pleine fleur, anses tressées, fermeture magnétique. Format A4. Doublure tissu avec poche zippée.</p>",Maison Élise,Accessoires,"accessoires,sacs,bestseller",TRUE,Couleur,Cognac,,,SAC-CAB-COG,195.00,249.00,15,https://picsum.photos/seed/sac-cabas-cuir/800/1000
sac-cabas-cuir,,,,,,,,Noir,,,SAC-CAB-NOI,195.00,249.00,15,
sac-cabas-cuir,,,,,,,,Camel,,,SAC-CAB-CAM,195.00,249.00,15,
sac-bandouliere-cuir,Sac Bandoulière Cuir,"<p>Mini sac bandoulière en cuir lisse, sangle chaîne dorée réglable, 2 compartiments. Compact et élégant.</p>",Maison Élise,Accessoires,"accessoires,sacs,nouveautés",TRUE,Couleur,Noir,,,SAC-BAN-NOI,165.00,210.00,12,https://picsum.photos/seed/sac-bandouliere-cuir/800/1000
sac-bandouliere-cuir,,,,,,,,Cognac,,,SAC-BAN-COG,165.00,210.00,12,
sac-bandouliere-cuir,,,,,,,,Bordeaux,,,SAC-BAN-BOR,165.00,210.00,12,
ceinture-cuir-classique,Ceinture Cuir Classique,"<p>Ceinture en cuir pleine fleur tanné végétal, boucle acier doré mat. Disponible en 4 largeurs. Vieillissement naturel magnifique.</p>",Maison Élise,Accessoires,"accessoires,ceintures",TRUE,Taille,75 cm,Couleur,Cognac,CEI-75-COG,65.00,85.00,18,https://picsum.photos/seed/ceinture-cuir-classique/800/1000
ceinture-cuir-classique,,,,,,,,75 cm,,Noir,CEI-75-NOI,65.00,85.00,18,
ceinture-cuir-classique,,,,,,,,75 cm,,Marron,CEI-75-MAR,65.00,85.00,18,
ceinture-cuir-classique,,,,,,,,80 cm,,Cognac,CEI-80-COG,65.00,85.00,18,
ceinture-cuir-classique,,,,,,,,80 cm,,Noir,CEI-80-NOI,65.00,85.00,18,
ceinture-cuir-classique,,,,,,,,80 cm,,Marron,CEI-80-MAR,65.00,85.00,18,
ceinture-cuir-classique,,,,,,,,85 cm,,Cognac,CEI-85-COG,65.00,85.00,18,
ceinture-cuir-classique,,,,,,,,85 cm,,Noir,CEI-85-NOI,65.00,85.00,18,
ceinture-cuir-classique,,,,,,,,85 cm,,Marron,CEI-85-MAR,65.00,85.00,18,
ceinture-cuir-classique,,,,,,,,90 cm,,Cognac,CEI-90-COG,65.00,85.00,18,
ceinture-cuir-classique,,,,,,,,90 cm,,Noir,CEI-90-NOI,65.00,85.00,18,
ceinture-cuir-classique,,,,,,,,90 cm,,Marron,CEI-90-MAR,65.00,85.00,18,
ceinture-cuir-classique,,,,,,,,95 cm,,Cognac,CEI-95-COG,65.00,85.00,18,
ceinture-cuir-classique,,,,,,,,95 cm,,Noir,CEI-95-NOI,65.00,85.00,18,
ceinture-cuir-classique,,,,,,,,95 cm,,Marron,CEI-95-MAR,65.00,85.00,18,
echarpe-cachemire,Écharpe 100 % Cachemire,"<p>Écharpe en cachemire pur grade A, tissage sergé 2/2. Légèreté et chaleur incomparables. 190 × 70 cm avec franges.</p>",Maison Élise,Accessoires,"accessoires,écharpes,hiver,bestseller",TRUE,Couleur,Gris perle,,,ECA-GRI,145.00,195.00,10,https://picsum.photos/seed/echarpe-cachemire/800/1000
echarpe-cachemire,,,,,,,,Bordeaux,,,ECA-BOR,145.00,195.00,10,
echarpe-cachemire,,,,,,,,Camel,,,ECA-CAM,145.00,195.00,10,
echarpe-cachemire,,,,,,,,Écru,,,ECA-ÉCR,145.00,195.00,10,
echarpe-cachemire,,,,,,,,Marine,,,ECA-MAR,145.00,195.00,10,
chapeau-bob-ete,Chapeau Bob Été,"<p>Bob en coton tissé serré, bord medium réversible. Protection solaire UPF 40+. Pliable, idéal voyage.</p>",Maison Élise,Accessoires,"accessoires,chapeaux,été",TRUE,Taille,S/M,Couleur,Naturel,CHA-BOB-SM-NAT,45.00,59.00,20,https://picsum.photos/seed/chapeau-bob-ete/800/1000
chapeau-bob-ete,,,,,,,,S/M,,Bleu marine,CHA-BOB-SM-BLE,45.00,59.00,20,
chapeau-bob-ete,,,,,,,,S/M,,Blanc,CHA-BOB-SM-BLA,45.00,59.00,20,
chapeau-bob-ete,,,,,,,,L/XL,,Naturel,CHA-BOB-LX-NAT,45.00,59.00,20,
chapeau-bob-ete,,,,,,,,L/XL,,Bleu marine,CHA-BOB-LX-BLE,45.00,59.00,20,
chapeau-bob-ete,,,,,,,,L/XL,,Blanc,CHA-BOB-LX-BLA,45.00,59.00,20,
chapeau-feutre-automne,Chapeau Fédora Feutre,"<p>Chapeau fedora en feutre de laine mélangé, ruban contrasté en grosgrain. Bord retroussé, protège du vent et du froid.</p>",Maison Élise,Accessoires,"accessoires,chapeaux,hiver",TRUE,Couleur,Gris anthracite,,,CHA-FED-GRI,89.00,115.00,12,https://picsum.photos/seed/chapeau-feutre-automne/800/1000
chapeau-feutre-automne,,,,,,,,Camel,,,CHA-FED-CAM,89.00,115.00,12,
chapeau-feutre-automne,,,,,,,,Noir,,,CHA-FED-NOI,89.00,115.00,12,
portefeuille-cuir-femme,Portefeuille Cuir Compact,"<p>Portefeuille compact en cuir lisse, 8 emplacements cartes, 2 poches billets, fenêtre ID. Format porte-monnaie.</p>",Maison Élise,Accessoires,"accessoires,maroquinerie",TRUE,Couleur,Cognac,,,POR-CUI-COG,75.00,95.00,18,https://picsum.photos/seed/portefeuille-cuir-femme/800/1000
portefeuille-cuir-femme,,,,,,,,Bordeaux,,,POR-CUI-BOR,75.00,95.00,18,
portefeuille-cuir-femme,,,,,,,,Noir,,,POR-CUI-NOI,75.00,95.00,18,
portefeuille-cuir-femme,,,,,,,,Rose poudré,,,POR-CUI-ROS,75.00,95.00,18,
collier-chaine-fine,Collier Chaîne Fine,<p>Collier chaîne fine en laiton plaqué or 18 carats ou argent rhodié. Longueur réglable 40–45 cm. Fermoir mousqueton.</p>,Maison Élise,Accessoires,"accessoires,bijoux,bestseller",TRUE,Métal,Doré 18k,,,COL-CHA-DOR,45.00,59.00,25,https://picsum.photos/seed/collier-chaine-fine/800/1000
collier-chaine-fine,,,,,,,,Argenté rhodié,,,COL-CHA-ARG,45.00,59.00,25,
collier-chaine-fine,,,,,,,,Rosé 18k,,,COL-CHA-ROS,45.00,59.00,25,
bracelet-jonc,Bracelet Jonc Ajustable,"<p>Jonc en laiton martelé plaqué or ou argent. Ouverture réglable, minimaliste et empilable. Diamètre intérieur 56 mm.</p>",Maison Élise,Accessoires,"accessoires,bijoux,nouveautés",TRUE,Métal,Doré 18k,,,BRA-JON-DOR,39.00,49.00,30,https://picsum.photos/seed/bracelet-jonc/800/1000
bracelet-jonc,,,,,,,,Argenté rhodié,,,BRA-JON-ARG,39.00,49.00,30,
sneakers-cuir-blanc,Sneakers Cuir Blanc,"<p>Sneakers en cuir pleine fleur lisse, semelle vulcanisée blanche, doublure cuir. Silhouette épurée inspirée des années 70. Made in Portugal.</p>",Maison Élise,Chaussures,"chaussures,sneakers,bestseller",TRUE,Pointure,36,Couleur,Blanc,SNK-CUI-36-BLA,125.00,159.00,10,https://picsum.photos/seed/sneakers-cuir-blanc/800/1000
sneakers-cuir-blanc,,,,,,,,36,,Crème,SNK-CUI-36-CRÈ,125.00,159.00,10,
sneakers-cuir-blanc,,,,,,,,36,,Noir,SNK-CUI-36-NOI,125.00,159.00,10,
sneakers-cuir-blanc,,,,,,,,37,,Blanc,SNK-CUI-37-BLA,125.00,159.00,10,
sneakers-cuir-blanc,,,,,,,,37,,Crème,SNK-CUI-37-CRÈ,125.00,159.00,10,
sneakers-cuir-blanc,,,,,,,,37,,Noir,SNK-CUI-37-NOI,125.00,159.00,10,
sneakers-cuir-blanc,,,,,,,,38,,Blanc,SNK-CUI-38-BLA,125.00,159.00,10,
sneakers-cuir-blanc,,,,,,,,38,,Crème,SNK-CUI-38-CRÈ,125.00,159.00,10,
sneakers-cuir-blanc,,,,,,,,38,,Noir,SNK-CUI-38-NOI,125.00,159.00,10,
sneakers-cuir-blanc,,,,,,,,39,,Blanc,SNK-CUI-39-BLA,125.00,159.00,10,
sneakers-cuir-blanc,,,,,,,,39,,Crème,SNK-CUI-39-CRÈ,125.00,159.00,10,
sneakers-cuir-blanc,,,,,,,,39,,Noir,SNK-CUI-39-NOI,125.00,159.00,10,
sneakers-cuir-blanc,,,,,,,,40,,Blanc,SNK-CUI-40-BLA,125.00,159.00,10,
sneakers-cuir-blanc,,,,,,,,40,,Crème,SNK-CUI-40-CRÈ,125.00,159.00,10,
sneakers-cuir-blanc,,,,,,,,40,,Noir,SNK-CUI-40-NOI,125.00,159.00,10,
sneakers-cuir-blanc,,,,,,,,41,,Blanc,SNK-CUI-41-BLA,125.00,159.00,10,
sneakers-cuir-blanc,,,,,,,,41,,Crème,SNK-CUI-41-CRÈ,125.00,159.00,10,
sneakers-cuir-blanc,,,,,,,,41,,Noir,SNK-CUI-41-NOI,125.00,159.00,10,
sneakers-cuir-blanc,,,,,,,,42,,Blanc,SNK-CUI-42-BLA,125.00,159.00,10,
sneakers-cuir-blanc,,,,,,,,42,,Crème,SNK-CUI-42-CRÈ,125.00,159.00,10,
sneakers-cuir-blanc,,,,,,,,42,,Noir,SNK-CUI-42-NOI,125.00,159.00,10,
sneakers-cuir-blanc,,,,,,,,43,,Blanc,SNK-CUI-43-BLA,125.00,159.00,10,
sneakers-cuir-blanc,,,,,,,,43,,Crème,SNK-CUI-43-CRÈ,125.00,159.00,10,
sneakers-cuir-blanc,,,,,,,,43,,Noir,SNK-CUI-43-NOI,125.00,159.00,10,
sneakers-cuir-blanc,,,,,,,,44,,Blanc,SNK-CUI-44-BLA,125.00,159.00,10,
sneakers-cuir-blanc,,,,,,,,44,,Crème,SNK-CUI-44-CRÈ,125.00,159.00,10,
sneakers-cuir-blanc,,,,,,,,44,,Noir,SNK-CUI-44-NOI,125.00,159.00,10,
sneakers-cuir-blanc,,,,,,,,45,,Blanc,SNK-CUI-45-BLA,125.00,159.00,10,
sneakers-cuir-blanc,,,,,,,,45,,Crème,SNK-CUI-45-CRÈ,125.00,159.00,10,
sneakers-cuir-blanc,,,,,,,,45,,Noir,SNK-CUI-45-NOI,125.00,159.00,10,
boots-chelsea-cuir,Boots Chelsea,"<p>Chelsea boots en cuir grainé, élastiques latéraux, semelle Goodyear. Talon 3 cm. Look cavalier revisité pour toutes saisons.</p>",Maison Élise,Chaussures,"chaussures,boots,bestseller",TRUE,Pointure,36,Couleur,Noir,BOO-CHE-36-NOI,185.00,235.00,8,https://picsum.photos/seed/boots-chelsea-cuir/800/1000
boots-chelsea-cuir,,,,,,,,36,,Cognac,BOO-CHE-36-COG,185.00,235.00,8,
boots-chelsea-cuir,,,,,,,,36,,Tan,BOO-CHE-36-TAN,185.00,235.00,8,
boots-chelsea-cuir,,,,,,,,37,,Noir,BOO-CHE-37-NOI,185.00,235.00,8,
boots-chelsea-cuir,,,,,,,,37,,Cognac,BOO-CHE-37-COG,185.00,235.00,8,
boots-chelsea-cuir,,,,,,,,37,,Tan,BOO-CHE-37-TAN,185.00,235.00,8,
boots-chelsea-cuir,,,,,,,,38,,Noir,BOO-CHE-38-NOI,185.00,235.00,8,
boots-chelsea-cuir,,,,,,,,38,,Cognac,BOO-CHE-38-COG,185.00,235.00,8,
boots-chelsea-cuir,,,,,,,,38,,Tan,BOO-CHE-38-TAN,185.00,235.00,8,
boots-chelsea-cuir,,,,,,,,39,,Noir,BOO-CHE-39-NOI,185.00,235.00,8,
boots-chelsea-cuir,,,,,,,,39,,Cognac,BOO-CHE-39-COG,185.00,235.00,8,
boots-chelsea-cuir,,,,,,,,39,,Tan,BOO-CHE-39-TAN,185.00,235.00,8,
boots-chelsea-cuir,,,,,,,,40,,Noir,BOO-CHE-40-NOI,185.00,235.00,8,
boots-chelsea-cuir,,,,,,,,40,,Cognac,BOO-CHE-40-COG,185.00,235.00,8,
boots-chelsea-cuir,,,,,,,,40,,Tan,BOO-CHE-40-TAN,185.00,235.00,8,
boots-chelsea-cuir,,,,,,,,41,,Noir,BOO-CHE-41-NOI,185.00,235.00,8,
boots-chelsea-cuir,,,,,,,,41,,Cognac,BOO-CHE-41-COG,185.00,235.00,8,
boots-chelsea-cuir,,,,,,,,41,,Tan,BOO-CHE-41-TAN,185.00,235.00,8,
boots-chelsea-cuir,,,,,,,,42,,Noir,BOO-CHE-42-NOI,185.00,235.00,8,
boots-chelsea-cuir,,,,,,,,42,,Cognac,BOO-CHE-42-COG,185.00,235.00,8,
boots-chelsea-cuir,,,,,,,,42,,Tan,BOO-CHE-42-TAN,185.00,235.00,8,
boots-chelsea-cuir,,,,,,,,43,,Noir,BOO-CHE-43-NOI,185.00,235.00,8,
boots-chelsea-cuir,,,,,,,,43,,Cognac,BOO-CHE-43-COG,185.00,235.00,8,
boots-chelsea-cuir,,,,,,,,43,,Tan,BOO-CHE-43-TAN,185.00,235.00,8,
boots-chelsea-cuir,,,,,,,,44,,Noir,BOO-CHE-44-NOI,185.00,235.00,8,
boots-chelsea-cuir,,,,,,,,44,,Cognac,BOO-CHE-44-COG,185.00,235.00,8,
boots-chelsea-cuir,,,,,,,,44,,Tan,BOO-CHE-44-TAN,185.00,235.00,8,
boots-chelsea-cuir,,,,,,,,45,,Noir,BOO-CHE-45-NOI,185.00,235.00,8,
boots-chelsea-cuir,,,,,,,,45,,Cognac,BOO-CHE-45-COG,185.00,235.00,8,
boots-chelsea-cuir,,,,,,,,45,,Tan,BOO-CHE-45-TAN,185.00,235.00,8,
mocassins-penny-loafer,Mocassins Penny Loafer,"<p>Penny loafers en cuir lisse, semelle cuir cousue Goodyear, patte pennée cousue main. Classique américain, confort européen.</p>",Maison Élise,Chaussures,"chaussures,mocassins,premium",TRUE,Pointure,36,Couleur,Camel,MOC-PEN-36-CAM,155.00,199.00,8,https://picsum.photos/seed/mocassins-penny-loafer/800/1000
mocassins-penny-loafer,,,,,,,,36,,Marine,MOC-PEN-36-MAR,155.00,199.00,8,
mocassins-penny-loafer,,,,,,,,36,,Marron foncé,MOC-PEN-36-MAR,155.00,199.00,8,
mocassins-penny-loafer,,,,,,,,37,,Camel,MOC-PEN-37-CAM,155.00,199.00,8,
mocassins-penny-loafer,,,,,,,,37,,Marine,MOC-PEN-37-MAR,155.00,199.00,8,
mocassins-penny-loafer,,,,,,,,37,,Marron foncé,MOC-PEN-37-MAR,155.00,199.00,8,
mocassins-penny-loafer,,,,,,,,38,,Camel,MOC-PEN-38-CAM,155.00,199.00,8,
mocassins-penny-loafer,,,,,,,,38,,Marine,MOC-PEN-38-MAR,155.00,199.00,8,
mocassins-penny-loafer,,,,,,,,38,,Marron foncé,MOC-PEN-38-MAR,155.00,199.00,8,
mocassins-penny-loafer,,,,,,,,39,,Camel,MOC-PEN-39-CAM,155.00,199.00,8,
mocassins-penny-loafer,,,,,,,,39,,Marine,MOC-PEN-39-MAR,155.00,199.00,8,
mocassins-penny-loafer,,,,,,,,39,,Marron foncé,MOC-PEN-39-MAR,155.00,199.00,8,
mocassins-penny-loafer,,,,,,,,40,,Camel,MOC-PEN-40-CAM,155.00,199.00,8,
mocassins-penny-loafer,,,,,,,,40,,Marine,MOC-PEN-40-MAR,155.00,199.00,8,
mocassins-penny-loafer,,,,,,,,40,,Marron foncé,MOC-PEN-40-MAR,155.00,199.00,8,
mocassins-penny-loafer,,,,,,,,41,,Camel,MOC-PEN-41-CAM,155.00,199.00,8,
mocassins-penny-loafer,,,,,,,,41,,Marine,MOC-PEN-41-MAR,155.00,199.00,8,
mocassins-penny-loafer,,,,,,,,41,,Marron foncé,MOC-PEN-41-MAR,155.00,199.00,8,
mocassins-penny-loafer,,,,,,,,42,,Camel,MOC-PEN-42-CAM,155.00,199.00,8,
mocassins-penny-loafer,,,,,,,,42,,Marine,MOC-PEN-42-MAR,155.00,199.00,8,
mocassins-penny-loafer,,,,,,,,42,,Marron foncé,MOC-PEN-42-MAR,155.00,199.00,8,
mocassins-penny-loafer,,,,,,,,43,,Camel,MOC-PEN-43-CAM,155.00,199.00,8,
mocassins-penny-loafer,,,,,,,,43,,Marine,MOC-PEN-43-MAR,155.00,199.00,8,
mocassins-penny-loafer,,,,,,,,43,,Marron foncé,MOC-PEN-43-MAR,155.00,199.00,8,
mocassins-penny-loafer,,,,,,,,44,,Camel,MOC-PEN-44-CAM,155.00,199.00,8,
mocassins-penny-loafer,,,,,,,,44,,Marine,MOC-PEN-44-MAR,155.00,199.00,8,
mocassins-penny-loafer,,,,,,,,44,,Marron foncé,MOC-PEN-44-MAR,155.00,199.00,8,
mocassins-penny-loafer,,,,,,,,45,,Camel,MOC-PEN-45-CAM,155.00,199.00,8,
mocassins-penny-loafer,,,,,,,,45,,Marine,MOC-PEN-45-MAR,155.00,199.00,8,
mocassins-penny-loafer,,,,,,,,45,,Marron foncé,MOC-PEN-45-MAR,155.00,199.00,8,
derbies-bout-pointu,Derbies Bout Pointu Verni,"<p>Derbies en cuir verni, bout pointu, semelle cousue blake, talon 4 cm. L'élégance sans effort.</p>",Maison Élise,Chaussures,"chaussures,derbies,premium",TRUE,Pointure,36,Couleur,Noir verni,DER-VER-36-NOI,175.00,225.00,8,https://picsum.photos/seed/derbies-bout-pointu/800/1000
derbies-bout-pointu,,,,,,,,36,,Bordeaux verni,DER-VER-36-BOR,175.00,225.00,8,
derbies-bout-pointu,,,,,,,,37,,Noir verni,DER-VER-37-NOI,175.00,225.00,8,
derbies-bout-pointu,,,,,,,,37,,Bordeaux verni,DER-VER-37-BOR,175.00,225.00,8,
derbies-bout-pointu,,,,,,,,38,,Noir verni,DER-VER-38-NOI,175.00,225.00,8,
derbies-bout-pointu,,,,,,,,38,,Bordeaux verni,DER-VER-38-BOR,175.00,225.00,8,
derbies-bout-pointu,,,,,,,,39,,Noir verni,DER-VER-39-NOI,175.00,225.00,8,
derbies-bout-pointu,,,,,,,,39,,Bordeaux verni,DER-VER-39-BOR,175.00,225.00,8,
derbies-bout-pointu,,,,,,,,40,,Noir verni,DER-VER-40-NOI,175.00,225.00,8,
derbies-bout-pointu,,,,,,,,40,,Bordeaux verni,DER-VER-40-BOR,175.00,225.00,8,
derbies-bout-pointu,,,,,,,,41,,Noir verni,DER-VER-41-NOI,175.00,225.00,8,
derbies-bout-pointu,,,,,,,,41,,Bordeaux verni,DER-VER-41-BOR,175.00,225.00,8,
derbies-bout-pointu,,,,,,,,42,,Noir verni,DER-VER-42-NOI,175.00,225.00,8,
derbies-bout-pointu,,,,,,,,42,,Bordeaux verni,DER-VER-42-BOR,175.00,225.00,8,
derbies-bout-pointu,,,,,,,,43,,Noir verni,DER-VER-43-NOI,175.00,225.00,8,
derbies-bout-pointu,,,,,,,,43,,Bordeaux verni,DER-VER-43-BOR,175.00,225.00,8,
derbies-bout-pointu,,,,,,,,44,,Noir verni,DER-VER-44-NOI,175.00,225.00,8,
derbies-bout-pointu,,,,,,,,44,,Bordeaux verni,DER-VER-44-BOR,175.00,225.00,8,
sandales-talon-bloc,Sandales Talon Bloc,"<p>Sandales à talon bloc 6 cm en cuir lisse, bride cheville réglable. Semelle intérieure matelassée. Confortables toute la journée.</p>",Maison Élise,Chaussures,"chaussures,sandales,été",TRUE,Pointure,36,Couleur,Nude,SAN-TAL-36-NUD,119.00,149.00,10,https://picsum.photos/seed/sandales-talon-bloc/800/1000
sandales-talon-bloc,,,,,,,,36,,Noir,SAN-TAL-36-NOI,119.00,149.00,10,
sandales-talon-bloc,,,,,,,,36,,Cognac,SAN-TAL-36-COG,119.00,149.00,10,
sandales-talon-bloc,,,,,,,,37,,Nude,SAN-TAL-37-NUD,119.00,149.00,10,
sandales-talon-bloc,,,,,,,,37,,Noir,SAN-TAL-37-NOI,119.00,149.00,10,
sandales-talon-bloc,,,,,,,,37,,Cognac,SAN-TAL-37-COG,119.00,149.00,10,
sandales-talon-bloc,,,,,,,,38,,Nude,SAN-TAL-38-NUD,119.00,149.00,10,
sandales-talon-bloc,,,,,,,,38,,Noir,SAN-TAL-38-NOI,119.00,149.00,10,
sandales-talon-bloc,,,,,,,,38,,Cognac,SAN-TAL-38-COG,119.00,149.00,10,
sandales-talon-bloc,,,,,,,,39,,Nude,SAN-TAL-39-NUD,119.00,149.00,10,
sandales-talon-bloc,,,,,,,,39,,Noir,SAN-TAL-39-NOI,119.00,149.00,10,
sandales-talon-bloc,,,,,,,,39,,Cognac,SAN-TAL-39-COG,119.00,149.00,10,
sandales-talon-bloc,,,,,,,,40,,Nude,SAN-TAL-40-NUD,119.00,149.00,10,
sandales-talon-bloc,,,,,,,,40,,Noir,SAN-TAL-40-NOI,119.00,149.00,10,
sandales-talon-bloc,,,,,,,,40,,Cognac,SAN-TAL-40-COG,119.00,149.00,10,
sandales-talon-bloc,,,,,,,,41,,Nude,SAN-TAL-41-NUD,119.00,149.00,10,
sandales-talon-bloc,,,,,,,,41,,Noir,SAN-TAL-41-NOI,119.00,149.00,10,
sandales-talon-bloc,,,,,,,,41,,Cognac,SAN-TAL-41-COG,119.00,149.00,10,
ballerines-cuir-souple,Ballerines Cuir Souple,"<p>Ballerines en cuir souple nappa, semelle intérieure rembourrée, élastique de maintien. Pliables pour voyager.</p>",Maison Élise,Chaussures,"chaussures,ballerines,bestseller",TRUE,Pointure,35,Couleur,Nude,BAL-CUI-35-NUD,85.00,109.00,12,https://picsum.photos/seed/ballerines-cuir-souple/800/1000
ballerines-cuir-souple,,,,,,,,35,,Noir,BAL-CUI-35-NOI,85.00,109.00,12,
ballerines-cuir-souple,,,,,,,,35,,Rouge cerise,BAL-CUI-35-ROU,85.00,109.00,12,
ballerines-cuir-souple,,,,,,,,35,,Vert sauge,BAL-CUI-35-VER,85.00,109.00,12,
ballerines-cuir-souple,,,,,,,,36,,Nude,BAL-CUI-36-NUD,85.00,109.00,12,
ballerines-cuir-souple,,,,,,,,36,,Noir,BAL-CUI-36-NOI,85.00,109.00,12,
ballerines-cuir-souple,,,,,,,,36,,Rouge cerise,BAL-CUI-36-ROU,85.00,109.00,12,
ballerines-cuir-souple,,,,,,,,36,,Vert sauge,BAL-CUI-36-VER,85.00,109.00,12,
ballerines-cuir-souple,,,,,,,,37,,Nude,BAL-CUI-37-NUD,85.00,109.00,12,
ballerines-cuir-souple,,,,,,,,37,,Noir,BAL-CUI-37-NOI,85.00,109.00,12,
ballerines-cuir-souple,,,,,,,,37,,Rouge cerise,BAL-CUI-37-ROU,85.00,109.00,12,
ballerines-cuir-souple,,,,,,,,37,,Vert sauge,BAL-CUI-37-VER,85.00,109.00,12,
ballerines-cuir-souple,,,,,,,,38,,Nude,BAL-CUI-38-NUD,85.00,109.00,12,
ballerines-cuir-souple,,,,,,,,38,,Noir,BAL-CUI-38-NOI,85.00,109.00,12,
ballerines-cuir-souple,,,,,,,,38,,Rouge cerise,BAL-CUI-38-ROU,85.00,109.00,12,
ballerines-cuir-souple,,,,,,,,38,,Vert sauge,BAL-CUI-38-VER,85.00,109.00,12,
ballerines-cuir-souple,,,,,,,,39,,Nude,BAL-CUI-39-NUD,85.00,109.00,12,
ballerines-cuir-souple,,,,,,,,39,,Noir,BAL-CUI-39-NOI,85.00,109.00,12,
ballerines-cuir-souple,,,,,,,,39,,Rouge cerise,BAL-CUI-39-ROU,85.00,109.00,12,
ballerines-cuir-souple,,,,,,,,39,,Vert sauge,BAL-CUI-39-VER,85.00,109.00,12,
ballerines-cuir-souple,,,,,,,,40,,Nude,BAL-CUI-40-NUD,85.00,109.00,12,
ballerines-cuir-souple,,,,,,,,40,,Noir,BAL-CUI-40-NOI,85.00,109.00,12,
ballerines-cuir-souple,,,,,,,,40,,Rouge cerise,BAL-CUI-40-ROU,85.00,109.00,12,
ballerines-cuir-souple,,,,,,,,40,,Vert sauge,BAL-CUI-40-VER,85.00,109.00,12,
ballerines-cuir-souple,,,,,,,,41,,Nude,BAL-CUI-41-NUD,85.00,109.00,12,
ballerines-cuir-souple,,,,,,,,41,,Noir,BAL-CUI-41-NOI,85.00,109.00,12,
ballerines-cuir-souple,,,,,,,,41,,Rouge cerise,BAL-CUI-41-ROU,85.00,109.00,12,
ballerines-cuir-souple,,,,,,,,41,,Vert sauge,BAL-CUI-41-VER,85.00,109.00,12,
bougie-soja-figue-cedre,Bougie Soja Figue & Cèdre,"<p>Bougie artisanale en cire de soja pure, parfum Figue & Cèdre aux huiles essentielles. Durée de combustion 55 h. Pot en verre ambré rechargeable.</p>",Maison Élise,Maison & Déco,"maison-deco,bougies,bestseller",TRUE,Taille,200 g,,,BOU-SOJ-FIG-200,35.00,45.00,25,https://picsum.photos/seed/bougie-soja-figue-cedre/800/1000
bougie-soja-figue-cedre,,,,,,,,400 g,,,BOU-SOJ-FIG-400,35.00,45.00,25,
coussin-velours-rebrodé,Coussin Velours Rebrodé,"<p>Coussin 45 × 45 cm en velours côtelé, motif botanique rebrodé main, passepoil contrasté. Rembourrage duvet synthétique éco-certifié.</p>",Maison Élise,Maison & Déco,"maison-deco,textiles-maison",TRUE,Couleur,Vert forêt,,,COU-VEL-VER,55.00,69.00,15,https://picsum.photos/seed/coussin-velours-rebrodé/800/1000
coussin-velours-rebrodé,,,,,,,,Bordeaux,,,COU-VEL-BOR,55.00,69.00,15,
coussin-velours-rebrodé,,,,,,,,Ocre,,,COU-VEL-OCR,55.00,69.00,15,
coussin-velours-rebrodé,,,,,,,,Gris anthracite,,,COU-VEL-GRI,55.00,69.00,15,
vase-ceramique-artisanal,Vase Céramique Artisanal,"<p>Vase en grès tourné à la main, glaçure organique. Forme organique irrégulière, chaque pièce est unique. H 22 cm.</p>",Maison Élise,Maison & Déco,"maison-deco,céramique,artisanat",TRUE,Finition,Gris biscuit,,,VAS-CER-GRI,75.00,95.00,10,https://picsum.photos/seed/vase-ceramique-artisanal/800/1000
vase-ceramique-artisanal,,,,,,,,Terracotta verni,,,VAS-CER-TER,75.00,95.00,10,
vase-ceramique-artisanal,,,,,,,,Blanc cassé,,,VAS-CER-BLA,75.00,95.00,10,
plateau-laiton-brossé,Plateau Laiton Brossé,"<p>Plateau rond en laiton massif brossé, rebords relevés. Idéal pour regrouper bougies, carafe et objets déco. Ø 30 cm.</p>",Maison Élise,Maison & Déco,"maison-deco,laiton,bestseller",TRUE,Diamètre,Ø 25 cm,,,PLA-LAI-Ø2,65.00,85.00,12,https://picsum.photos/seed/plateau-laiton-brossé/800/1000
plateau-laiton-brossé,,,,,,,,Ø 30 cm,,,PLA-LAI-Ø3,65.00,85.00,12,
plateau-laiton-brossé,,,,,,,,Ø 40 cm,,,PLA-LAI-Ø4,65.00,85.00,12,
miroir-arche-laiton,Miroir Arche Laiton,"<p>Miroir en arche encadré laiton brossé antique. Accroche murale incluse, câble ajustable. 40 × 60 cm. Effet vintage chic.</p>",Maison Élise,Maison & Déco,"maison-deco,laiton,miroirs",TRUE,Finition,Laiton brossé,,,MIR-ARC-LAI,145.00,185.00,8,https://picsum.photos/seed/miroir-arche-laiton/800/1000
miroir-arche-laiton,,,,,,,,Noir mat,,,MIR-ARC-NOI,145.00,185.00,8,
